Metric,Score
Accuracy,0.7833333333333333
Precision,0.7889046165394549
Recall,0.7737775611023324
F1-Score,0.7720843726693208
